CAT,SEA,COO,NEW,ABW,OLDENEW,HIGHER,KNOW
TREE,MOON,RAIN,BOOK,WIND,GROW,SHINE,PLANT
DOG,CLOUD,FIRE,STORM,NATURE,WATER,BIRD,SUNSET
LEAF,RIVER,MOUNTAIN,OCEAN,FLOWER,BREEZE,SUN,STORM
TIGER,ZEBRA,EAGLE,HORSE,SNAKE,MOUSE,WHALE,SHARK
TABLE,CHAIR,LAMP,BOOK,PHONE,CLOCK,DOOR,SPOON
BEE,ANT,COW,PIG,OWL,FOX,RAT,HEN
DOG,SUN,ART,HAT,PEN,OLD,NEW,GAP
BAT,CAR,MAP,RUN,EAT,HEN,FUN,BOX
FAN,SUN,PEN,HAT,CAR,DOG,BEE,MAP
BIRD,FISH,WOLF,LION,BEAR,FROG,DEER,MULE
CUP,POT,PAN,BAG,BOX,RUG,MAT,JAR
STAR,MOON,SKY,CLOUD,RAIN,WIND,SNOW,FOG
BOOK,PAGE,INK,PEN,NOTE,READ,WRITE,TEXT
TREE,LEAF,ROOT,BRANCH,BARK,WOOD,SEED,FRUIT
ROAD,PATH,BRIDGE,TUNNEL,CROSS,TURN,STOP,GO
HAND,FINGER,PALM,WRIST,ARM,ELBOW,SHOULDER,THUMB
BLUE,RED,GREEN,YELLOW,BLACK,WHITE,PURPLE,ORANGE
HOUSE,ROOM,DOOR,WALL,FLOOR,CEILING,WINDOW,ROOF
SHIP,PORT,SAIL,WAVE,OAR,DECK
COLD,SNOW,ICE,SKI,COAT,FROST
FARM,PLOW,CROP,CORN,BARN,FIELD
SALT,PEPPER,SPICE,BOWL,FOOD,RICE
APPLE,JUICE,PEEL,CORE,TREE
BRUSH,COMB,SOAP,TUB,WASH,TOWEL
CABLE,WIRE,PLUG,SWITCH,FAN
SHEET,PILLOW,BED,NAP,REST,SLEEP
CAMP,TENT,FIRE,COOK,WOOD,HIKE
RING,GOLD,GEM,BOX,LOVE,GIFT
NETWORK,PACKETS,SERVER,CLIENT,DOMAIN
CAPITAL,NATIONS,BORDERS,GLOBAL,PEOPLE
FATHER,HEART,EARTH,THREE,REACT,POWER,EAGLE,ELEGANT
STREAM,MASTER,ARMEST,METARS,TAMERS
PLANER,REPLAN,LEARN,NEPAL,REAP
UNITED,EDIT,TIDE,DIET,TUNE,ELEGANT
